{
    "average_rewards": {
        "2p": {
            "1c": [
                0.675111,
                0.65433147,
                0.66731946,
                0.46082725,
                0.37133568,
                0.80536537,
                1.01930723,
                1.56297238,
                0.89317383,
                0.88510691,
                0.7519084,
                0.89646087,
                0.71276596,
                1.12371134,
                1.03
            ],
            "2c": [
                0.28415992,
                0.51993865,
                0.84656593,
                -0.08887126,
                -0.04418873,
                0.31614914,
                0.02599447,
                0.48166086,
                0.3115699,
                0.68224299,
                0.389001,
                0.30882353,
                0.53012048,
                0.52830189
            ],
            "3c": [
                0.23143438,
                0.17697121,
                0.20644391,
                -0.47910756,
                -0.45096026,
                0.07470011,
                0.10828136,
                0.07690691,
                0.0855318,
                -0.08602151,
                0.09049225,
                0.22424242,
                0.0990991
            ],
            "4c": [
                0.1694766,
                0.08864149,
                0.12539591,
                -0.80920875,
                -0.61915186,
                -0.05125665,
                -0.0617919,
                -0.07592685,
                -0.15968553,
                0.1686747,
                0.00715061,
                -0.18823529,
                -0.15178571
            ],
            "5c": [
                0.06597307,
                0.10299625,
                0.10880291,
                -0.81408228,
                -0.73168568,
                -0.13482872,
                -0.12569867,
                -0.23551989,
                -0.09163721,
                -0.11363636,
                -0.07016268,
                -0.10576923,
                -0.39726027
            ]
        },
        "3p": {
            "1c": [
                0.64043002,
                0.61522704,
                0.62019142,
                0.490722,
                0.38863998,
                0.73373245,
                0.8404965,
                0.9039878,
                0.47297297,
                0.95447884,
                1.14,
                1.15517241
            ],
            "2c": [
                0.37583529,
                0.30861404,
                0.32750865,
                0.41659493,
                0.1701246,
                0.51752382,
                0.44568517,
                0.30747126,
                0.43771606,
                0.1656051,
                0.68944099
            ],
            "3c": [
                0.25962023,
                0.13773338,
                0.19209315,
                0.03437804,
                -0.74616882,
                -0.80040471,
                -0.81085572,
                -0.01342282,
                0.08749642,
                0.05078125,
                -0.0297619
            ],
            "4c": [
                0.14850161,
                0.13467122,
                0.10731415,
                -0.45779967,
                -0.33404848,
                0.06893517,
                -0.05330095,
                -0.11029412,
                0.00804068,
                0.10909091,
                0.02054795
            ],
            "5c": [
                0.10924081,
                0.07580616,
                0.06183126,
                -0.55756359,
                -0.26963981,
                0.04624007,
                0.04615981,
                -0.00966184,
                0.06785925,
                -0.07317073,
                0.0075188
            ]
        },
        "4p": {
            "1c": [
                0.73297568,
                0.68331208,
                0.49655593,
                0.39351175,
                0.42720168,
                0.78541546,
                0.90770875,
                1.34782609,
                0.79554853,
                0.9622093,
                1.03571429
            ],
            "2c": [
                0.27729505,
                0.42982456,
                0.8001387,
                0.06659237,
                0.07962046,
                0.44251952,
                0.41621963,
                0.35403727,
                0.33045616,
                0.17857143,
                0.60666667
            ],
            "3c": [
                0.1744403,
                0.18958503,
                0.24459388,
                -0.26748541,
                -0.3809278,
                -0.00147203,
                -0.01702323,
                0.06857143,
                0.12932759,
                0.05339806,
                0.04736842
            ],
            "4c": [
                0.05217022,
                0.15548945,
                0.17722732,
                -0.00273634,
                -0.56423523,
                -1.37518818,
                -1.38380572,
                -0.04455446,
                -0.06409792,
                -0.14871795,
                -0.10526316
            ],
            "5c": [
                0.06612082,
                0.06193883,
                0.0622673,
                -0.60769759,
                -0.59692847,
                -0.06475184,
                -0.11684303,
                0.02352941,
                -0.09738982,
                -0.08219178,
                -0.0308642
            ]
        }
    }
}