{
    "average_rewards": {
        "2p": {
            "1c": [
                0.675111,
                0.65433147,
                0.66731946,
                0.46082725,
                0.37133568,
                0.80536537,
                1.01930723,
                1.56297238,
                0.89317383
            ],
            "2c": [
                0.28415992,
                0.51993865,
                0.84656593,
                -0.08887126,
                -0.04418873,
                0.31614914,
                0.02599447,
                0.48166086,
                0.3115699
            ],
            "3c": [
                0.23143438,
                0.17697121,
                0.20644391,
                -0.47910756,
                -0.45096026,
                0.07470011,
                0.10828136,
                0.07690691,
                0.0855318
            ],
            "4c": [
                0.1694766,
                0.08864149,
                0.12539591,
                -0.80920875,
                -0.61915186,
                -0.05125665,
                -0.0617919,
                -0.07592685,
                -0.15968553
            ],
            "5c": [
                0.06597307,
                0.10299625,
                0.10880291,
                -0.81408228,
                -0.73168568,
                -0.13482872,
                -0.12569867,
                -0.23551989,
                -0.09163721
            ]
        },
        "3p": {
            "1c": [
                0.64043002,
                0.61522704,
                0.62019142,
                0.490722,
                0.38863998,
                0.73373245,
                0.8404965,
                0.9039878
            ],
            "2c": [
                0.37583529,
                0.30861404,
                0.32750865,
                0.41659493,
                0.1701246,
                0.51752382,
                0.44568517
            ],
            "3c": [
                0.25962023,
                0.13773338,
                0.19209315,
                0.03437804,
                -0.74616882,
                -0.80040471,
                -0.81085572
            ],
            "4c": [
                0.14850161,
                0.13467122,
                0.10731415,
                -0.45779967,
                -0.33404848,
                0.06893517,
                -0.05330095
            ],
            "5c": [
                0.10924081,
                0.07580616,
                0.06183126,
                -0.55756359,
                -0.26963981,
                0.04624007,
                0.04615981
            ]
        },
        "4p": {
            "1c": [
                0.73297568,
                0.68331208,
                0.49655593,
                0.39351175,
                0.42720168,
                0.78541546,
                0.90770875
            ],
            "2c": [
                0.27729505,
                0.42982456,
                0.8001387,
                0.06659237,
                0.07962046,
                0.44251952,
                0.41621963
            ],
            "3c": [
                0.1744403,
                0.18958503,
                0.24459388,
                -0.26748541,
                -0.3809278,
                -0.00147203,
                -0.01702323
            ],
            "4c": [
                0.05217022,
                0.15548945,
                0.17722732,
                -0.00273634,
                -0.56423523,
                -1.37518818,
                -1.38380572
            ],
            "5c": [
                0.06612082,
                0.06193883,
                0.0622673,
                -0.60769759,
                -0.59692847,
                -0.06475184,
                -0.11684303
            ]
        }
    }
}