{
    "average_rewards": {
        "2p": {
            "1c": [
                1.20121951,
                1.10964912,
                1.32258065,
                1.18211921,
                1.25342466
            ],
            "2c": [
                0.47894737,
                0.21910112,
                0.5,
                0.66037736,
                0.48969072
            ],
            "3c": [
                0.27338129,
                0.34285714,
                0.33152174,
                -0.17045455,
                0.09868421
            ],
            "4c": [
                -0.25688073,
                -0.075,
                0.22105263,
                -0.45833333,
                0.08677686
            ],
            "5c": [
                -0.03781513,
                -0.04621849,
                -0.075,
                -0.01886792,
                0.15789474
            ]
        },
        "3p": {
            "1c": [
                1.0326087,
                0.90909091,
                0.73664122,
                1.10357143,
                1.12698413
            ],
            "2c": [
                0.79133858,
                0.67605634,
                0.45338983,
                0.67808219,
                0.72777778
            ],
            "3c": [
                -0.0170068,
                0.20408163,
                0.48466258,
                -0.00462963,
                0.34965035
            ],
            "4c": [
                -0.14569536,
                -0.05785124,
                -0.17549669,
                -0.15838509,
                0.02430556
            ],
            "5c": [
                0.0625,
                0.2,
                -0.15483871,
                0.04819277,
                0.19875776
            ]
        },
        "4p": {
            "1c": [
                1.11377246,
                0.82163743,
                1.409375,
                1.36363636,
                0.86633663
            ],
            "2c": [
                0.22631579,
                0.27743902,
                0.49465241,
                0.7056962,
                0.48011364
            ],
            "3c": [
                0.34715026,
                0.28947368,
                0.41584158,
                -0.17836257,
                0.1875
            ],
            "4c": [
                0.09748428,
                0.0675,
                -0.05140187,
                0.12200957,
                -0.34263959
            ],
            "5c": [
                0.06486486,
                -0.26470588,
                -0.26646707,
                0.03797468,
                -0.2027972
            ]
        }
    },
    "std_rewards": {
        "2p": {
            "1c": [
                1.9952073,
                1.86349837,
                1.99008991,
                1.85436968,
                2.20851913
            ],
            "2c": [
                1.94654321,
                2.17616694,
                1.98503576,
                1.93350202,
                2.14064662
            ],
            "3c": [
                2.25706168,
                2.79055745,
                2.4992142,
                2.68929524,
                2.79922421
            ],
            "4c": [
                2.9720523,
                2.76635289,
                2.74984764,
                3.13553779,
                2.56057012
            ],
            "5c": [
                2.49887341,
                2.80455182,
                3.14950393,
                2.68813301,
                2.95975624
            ]
        },
        "3p": {
            "1c": [
                1.85839899,
                1.969289,
                1.8163047,
                2.05417382,
                1.84942774
            ],
            "2c": [
                1.99254609,
                1.98515368,
                2.10928867,
                2.01513089,
                2.06647998
            ],
            "3c": [
                2.64601804,
                2.55999781,
                2.59448643,
                2.57255401,
                2.46090762
            ],
            "4c": [
                2.76004451,
                2.94942919,
                2.83146855,
                2.81545334,
                2.70950607
            ],
            "5c": [
                2.5245787,
                2.90992995,
                2.76648592,
                2.56554376,
                2.46923902
            ]
        },
        "4p": {
            "1c": [
                1.99451092,
                1.88687362,
                2.09080717,
                2.06934944,
                1.79022523
            ],
            "2c": [
                2.3789299,
                2.2734235,
                1.9966478,
                1.92430305,
                2.13224753
            ],
            "3c": [
                2.46240219,
                2.66219038,
                2.24001559,
                2.69156137,
                2.13042423
            ],
            "4c": [
                2.62275839,
                2.65691433,
                2.87100765,
                2.51135103,
                2.88978757
            ],
            "5c": [
                2.83102657,
                3.11322754,
                3.14841678,
                2.75562963,
                2.88608778
            ]
        }
    },
    "moving_avg_rewards": {
        "2p": {
            "1c": [
                1.20121951,
                1.215,
                1.32258065,
                0.835,
                1.25342466
            ],
            "2c": [
                0.47894737,
                0.21910112,
                0.535,
                0.74,
                0.48969072
            ],
            "3c": [
                0.335,
                0.28,
                0.33152174,
                -0.17045455,
                0.09868421
            ],
            "4c": [
                -0.17,
                -0.14,
                0.22105263,
                -0.45833333,
                0.09
            ],
            "5c": [
                0.005,
                -0.025,
                -0.075,
                -0.02,
                0.28
            ]
        },
        "3p": {
            "1c": [
                1.04,
                0.89,
                0.67,
                1.21,
                1.155
            ],
            "2c": [
                0.91,
                0.765,
                0.375,
                0.705,
                0.605
            ],
            "3c": [
                -0.155,
                0.2,
                0.61,
                -0.055,
                0.265
            ],
            "4c": [
                -0.31,
                0.05,
                -0.185,
                0.025,
                0.035
            ],
            "5c": [
                0.105,
                0.14,
                -0.03,
                -0.105,
                0.31
            ]
        },
        "4p": {
            "1c": [
                1.14,
                0.66,
                1.445,
                1.2,
                0.88
            ],
            "2c": [
                0.305,
                0.14,
                0.575,
                0.615,
                0.51
            ],
            "3c": [
                0.115,
                0.32,
                0.39,
                -0.045,
                0.36
            ],
            "4c": [
                0.13,
                0.24,
                -0.35,
                0.365,
                -0.195
            ],
            "5c": [
                0.015,
                -0.47,
                -0.14,
                -0.16,
                -0.02
            ]
        }
    },